age,ATTAC,ATTAIND,ATTAL,ATTATOT,NofSess,Cab1,Cab1Fi,Cab1Fs,Cab1No,Cab1o,Cab2,Cab2Fi,Cab2Fs,Cab2No,Cab2o,Cab3,Cab3Fi,Cab3Fs,Cab3No,Cab3o,CAT,CLASSICAL,CODE,Cohort,CONTEMPORARY,GROUP,IMPRO,INVENTION,NATIONALITY,SCIMall,SCISall,SCIVall,sex,SOMATIC,TASKING,VOCATIONAL,YEARSEXPERIENCE,YEARSVOCATIONAL,LANG,zeroes,filter_$,cab1a,cab2a,cab3a,TestAge,Did3
19.86027397,68,4,4,64,2,9,3,2,1,1, , , , , , , , , , ,N,8,2502961JO,1,3,TL1,5,8,BRITISH, , , ,F,1,7,N,8,0,0,0, ,6, , ,18.61027397,0
19.48493151,79,12,6,67,1,11,3,0,5,4, , , , , , , , , , ,N,1,1107962NA,1,5,COV,9,3,BRITISH, , , ,F,3,4,N,2,0,0,1, ,7, , ,18.23493151,0
20.30136986,67,7,3,60,1,17,5,3,1,3, , , , , , , , , , ,N,6,1709951NA,1,6,TL1,3,3,CYPRIOT, , , ,F,3,3,N,6,0,1,0, ,11, , ,19.05136986,0
21.93972603,64,6,3,58,1,17,5,2,1,4, , , , , , , , , , ,N,7,2701942IS,1,9,TL1,8,2,FRENCH,10,10,7,F,2,8,N,8,0,1,0, ,11, , ,20.68972603,0
20.10136986,80,14,6,66,1,16,6,2,5,3, , , , , , , , , , ,N,5,2911953ST,1,9,COV,7,8,BRITISH, , , ,F,2,9,N,9,0,0,0, ,11, , ,18.85136986,0
20.2109589,70,6,4,64,1,23,7,4,5,4, , , , , , , , , , ,N,5,2010953CA,1,8,COV,11,7,JAMAICAN, , ,3,M,4,10,N,4,0,0,0, ,15, , ,18.9609589,0
19.54246575,71,8,4,63,1,24,8,5,1,3, , , , , , , , , , ,N,5,2006960CL,1,3,TL1,7,1,BRITISH, , , ,F,1,9,N,10,0,0,0, ,16, , ,18.29246575,0
20.33424658,68,8,4,60,1,25,7,4,5,5, , , , , , , , , , ,0,5,0509957SU,1,4,COV,6,6,0,8, ,3,F,1,3,0,15,0,0,0, ,16, , ,19.08424658,0
22.22465753,83,13,6,70,1,26,8,4,1,5, , , , , , , , , , ,N,11,1510933SH,1,7,TL1,2,1,BRITISH,8,8,5,F,1,5,N,18,0,0,0, ,17, , ,20.97465753,0
19.54520548,71,14,4,57,1,29,7,7,2,4, , , , , , , , , , ,N,3,1906961SA,1,5,TL2,6,6,AMERICAN, , , ,F,4,4,N,6,0,0,0, ,18, , ,18.29520548,0
21.26575342,73,9,4,64,1,26,10,4,2,4, , , , , , , , , , ,N,10,3009941AN,1,9,TL2,8,2,BRITISH, , , ,F,2,7,N,14,0,0,0, ,18, , ,20.01575342,0
22.94246575,43,0,1,43,1,26,12,3,4,4, , , , , , , , , , ,y,6,2601932PI,1,1,TL4,10,1,FINNISH,13,12,8,F,2,10,Y,17,1,1,0, ,19, , ,21.69246575,0
20.45205479,86,11,7,75,1,51,17,7,1,10, , , , , , , , , , ,N,9,2407951JU,1,4,TL1,3,5,BRITISH, , , ,F,1,3,N,15,0,0,0, ,34, , ,19.20205479,0
20.53972603, , , , ,1, , , , , , , , , , ,23,3,5,5,5,y,8,2206950HA,1,5, ,9,3,AMERICAN, , , ,0,1,2,Y,7,7,0,0, , , ,13,19.28972603,1
21.25479452, , , , ,1, , , , , , , , , , ,32,8,4,5,8,y,8,0410942NO,1,9, ,8,5,AMERICAN, , , ,0,8,6,Y,7,0,0,0, , , ,20,20.00479452,1
22.05205479, , , , ,1, , , , , , , , , , ,33,9,7,1,5,N,5,1712933KV,1,2, ,8,1,SLOVAKIAN, , , ,0,1,8,N,7,0,1,0, , , ,21,20.80205479,1
20.90684932, , , , ,1, , , , , , , , , , ,37,11,6,5,7,y,10,0802952SU,1,10, ,10,10,US, , , ,0,10,10,Y,7,7,0,0, , , ,24,19.65684932,1
21.1890411, , , , ,1, , , , , , , , , , ,36,12,4,5,8,y,8,2810942DE,1,6, ,6,6,AMERICAN, , , ,0,6,2,Y,7,2,0,0, , , ,24,19.9390411,1
25.00273973, , , , ,1, , , , , , , , , , ,42,14,7,5,7,0,0,0501913LY,1,0, ,0,0,0, , , ,0,0,0,0,0,0,0,0, , , ,28,23.75273973,1
19.51232877, , , , ,1, , , , , ,13,5,3,4,1, , , , , ,0,0,0107962JE,1,0,TL3,0,0,0, , , ,0,0,0,0,0,0,0,0, , ,9, ,18.26232877,0
19.79726027, , , , ,1, , , , , ,19,5,3,5,4, , , , , ,0,0,1903962AN,1,0,TL4,0,0,0, , , ,0,0,0,0,0,0,0,0, , ,12, ,18.54726027,0
19.96438356, , , , ,1, , , , , ,21,7,4,1,3, , , , , ,y,3,1801962TE,1,5,COV,6,5,BRITISH, , , ,M,1,6,N,4,0,0,0, , ,14, ,18.71438356,0
20.11506849, , , , ,1, , , , , ,21,7,2,1,5, , , , , ,0,0,2411953kh,1,0,COV,0,0,0, , , ,0,0,0,0,0,0,0,0, , ,14, ,18.86506849,0
20.58356164, , , , ,1, , , , , ,20,8,4,4,2, , , , , ,0,0,0606951JA,1,0,TL3,0,0,0, , , ,0,0,0,0,0,0,0,0, , ,14, ,19.33356164,0
19.61643836,58,6,2,52,2,14,6,3,5,1,20,8,3,1,3, , , , , ,N,2,2405962AN,1,5,COV,9,7,BRITISH,9,9,8,F,4,9,N,4,0,0,0, ,10,14, ,18.36643836,0
20.67123288,64,7,3,57,2,21,9,2,3,4,22,6,4,4,4, , , , , ,N,7,0505952NA,1,4,TL3,9,2,ROMANIAN, , , ,M,3,9,Y,9,9,1,0, ,15,14, ,19.42123288,0
20.63835616,62,3,3,59,2,27,9,3,1,6,24,4,5,2,5, , , , , ,N,7,1705950PI,1,8,TL1,6,2,FINNISH,7,10,8,F,6,4,N,5,0,1,0, ,18,14, ,19.38835616,0
22.75616438, , , , ,1, , , , , ,24,6,2,5,7, , , , , ,N,4,0404938NI,1,8,TL4,9,9,BRITISH, , , ,F,6,9,Y,8,2,0,0, , ,15, ,21.50616438,0
23.68493151,52,4,2,48,2,17,7,4,2,1,22,8,6,3,1, , , , , ,N,8,3004921AN,1,6,TL2,9,6,FINNISH, , , ,F,6,7,Y,10,1,1,0, ,12,15, ,22.43493151,0
20.34520548,58,4,2,54,2,21,5,3,5,5,24,6,4,1,5, , , , , ,N,9,0109952BE,1,7,COV,6,5,BRITISH,15,13,8,F,3,3,N,16,0,0,0, ,13,15, ,19.09520548,0
22.80547945,53,4,2,49,2,19,9,4,2,1,23,9,4,3,3, , , , , ,N,7,1703932RI,1,6,TL2,9,6,FINNISH,11,12,9,F,9,9,N,11,0,1,0, ,14,16, ,21.55547945,0
20.65753425, , , , ,1, , , , , ,25,9,4,5,4, , , , , ,N,9,1005952CL,1,6,TL4,6,3,BRITISH, , , ,M,4,5,Y,15,5,0,0, , ,17, ,19.40753425,0
20.07945205, , , , ,2,23,7,5,5,3,26,8,5,1,4, , , , , ,N,8,0712952SU,1,8,COV,10,6,BRITISH, , , ,F,5,8,N,9,0,0,0, ,15,17, ,18.82945205,0
20.02191781, , , , ,1, , , , , ,29,9,5,4,5, , , , , ,0,0,2812951KI,1,0,TL3,0,0,0, , , ,0,0,0,0,0,0,0,0, , ,19, ,18.77191781,0
22.99726027, , , , ,1, , , , , ,28,10,6,5,3, , , , , ,N,9,0601930GL,1,8,TL4,8,1,ITALIAN, , , ,F,6,7,N,10,0,1,0, , ,19, ,21.74726027,0
20.55890411,68,8,4,60,2,17,5,3,3,3,30,8,5,4,6, , , , , ,N,6,1506952MA,1,8,TL3,8,6,NORWEIGIAN, , , ,F,5,6,Y,8,3,1,0, ,11,19, ,19.30890411,0
20.16438356,81,14,6,67,2,22,6,5,4,3,32,8,7,5,5, , , , , ,N,8,0611952JA,1,3,TL4,6,3,BRITISH, , , ,F,3,2,N,15,0,0,0, ,14,20, ,18.91438356,0
19.98082192,72,8,4,64,2,25,5,5,4,5,33,7,6,5,7, , , , , ,y,6,1201963PA,1,6,TL4,6,1,BRITISH, , , ,F,1,1,N,6,0,0,0, ,15,20, ,18.73082192,0
19.70136986,64,5,3,59,2,23,11,4,3,2,30,10,4,4,6, , , , , ,y,8,2304963SH,1,5,TL3,5,1,BRITISH, ,11,8,F,2,1,N,12,0,0,0, ,17,20, ,18.45136986,0
19.39452055,78,10,6,68,2,27,7,6,4,4,30,10,5,5,5, , , , , ,y,3,1308963JA,1,7,TL4,5,2,BRITISH, , , ,F,1,5,N,4,0,0,0, ,17,20, ,18.14452055,0
20.14246575, , , , ,2, , , , , ,32,8,6,5,6,32,6,5,1,8,N,11,1411953MO,1,4,TL4,4,7,BRITISH, , , ,F,4,8,N,15,0,0,0, , ,20,19,18.89246575,1
19.38356164,67,9,3,58,2,29,9,5,2,5,33,9,3,3,9, , , , , ,N,3,1708961TR,1,8,TL2,9,5,BRITISH, , , ,M,4,9,N,3,0,0,0, ,19,21, ,18.13356164,0
20.28767123,76,11,5,65,2,31,9,4,5,7,35,7,6,1,8, , , , , ,N,8,2209951MI,1,6,COV,9,9,BRITISH,8,10,8,F,7,9,N,5,0,0,0, ,20,21, ,19.03767123,0
19.56438356,77,11,5,66,2,20,6,4,2,3,34,10,5,3,7, , , , , ,N,10,1206962LO,1,6,TL2,9,1,BRITISH, , , ,F,1,6,N,11,0,0,0, ,13,22, ,18.31438356,0
19.8739726,74,12,5,62,2,32,12,5,1,5,37,7,9,2,6, , , , , ,N,7,2002961KA,1,6,TL1,5,4,BRITISH,11,12,5,F,2,5,N,13,0,0,0, ,22,22, ,18.6239726,0
19.45205479,72,10,4,62,2,44,14,7,3,8,30,14,5,4,3, , , , , ,y,6,2307963GE,1,6,TL3,5,2,BRITISH, , , ,F,1,4,N,10,0,0,0, ,29,22, ,18.20205479,0
20.63561644,79,10,6,69,2,20,4,2,4,6,40,8,8,5,8, , , , , ,N,3,1805953MA,1,5,TL4,7,6,BRITISH,12,8, ,M,7,7,N,3,0,0,0, ,12,24, ,19.38561644,0
20.02739726,75,6,5,69,2,33,13,5,1,5,39,9,8,2,7, , , , , ,N,4,2612951ME,1,7,TL1,6,7,BRITISH,12,7,8,M,2,4,N,5,0,0,0, ,23,24, ,18.77739726,0
22.40547945, , , , ,1, , , , , ,43,7,7,2,11, , , , , ,N,3,1008932RO,1,4,TL1,7,6,BRITISH, , , ,M,1,2,Y,3,2,0,0, , ,25, ,21.15547945,0
19.74246575,74,11,5,63,2,26,10,6,2,2,37,13,5,3,7, , , , , ,N,11,0804961RO,1,4,TL2,3,3,BRITISH/ITALIAN, , , ,F,1,6,N,15,0,0,0, ,18,25, ,18.49246575,0
19.37808219,86,15,7,71,2,31,13,5,2,4,38,12,7,3,6, , , , , ,y,8,1908961CL,1,9,TL2,9,7,BRITISH,13, ,6,F,3,9,N,9,0,0,0, ,22,25, ,18.12808219,0
21.55068493,70,10,4,60,2,34,14,5,4,5,43,11,7,5,9, , , , , ,N,8,1806941JU,1,4,TL4,7,3,BRITISH, , , ,F,2,5,Y,8,3,0,0, ,24,27, ,20.30068493,0
22.56986301,73,9,4,64,2,27,15,3,3,3,43,17,6,4,7, , , , , ,N,7,1106931MA,1,7,TL3,6,2,ITALIAN,10,8,9,M,6,4,Y,10,3,1,0, ,21,30, ,21.31986301,0
29.40821918, , , , ,2,34,12,4,4,7,45,17,5,5,9, , , , , ,y,9,1108864MB,1,9,TL4,3,1,MEXICAN, , , ,F,3,3,Y,13,4,1,0, ,23,31, ,28.15821918,0
23.42191781,69,4,4,65,2,26,12,4,1,3, , , , , ,18,6,2,3,4,N,8,0408921JO,1,4,TL1,8,7,AMERICAN,12,11,6,F,6,6,Y,7,3,0,0,1,19, ,12,22.17191781,1
21.09589041,68,12,4,56,2,29,11,3,1,6, , , , , ,25,5,4,3,6,N,3,0112941MA,1,5,TL1,7,5,BRITISH, , , ,M,3,7,Y,16,2,0,0,1,20, ,15,19.84589041,1
22.93972603,83,14,6,69,2,32,18,3,3,4, , , , , ,30,8,7,5,4,N,6,2701930CR,1,3,TL3,3,2,IRISH, , , ,F,1,3,Y,7,3,0,0,1,25, ,19,21.68972603,1
20.2739726,83,16,6,67,2,41,15,4,1,9, , , , , ,39,13,4,3,9,N,9,2709953GI,1,6,TL1,9,4,BRITISH, , , ,F,4,6,Y,12,2,0,0,1,28, ,26,19.0239726,1
20.09589041,85,10,7,75,2,37,17,5,3,5, , , , , ,46,20,7,4,6,y,8,0112951EM,1,9,TL3,6,3,BRITISH, , , ,F,2,6,N,5,0,0,0,1,27, ,33,18.84589041,1
20.04931507,78,12,6,66,2,38,16,5,4,6, , , , , ,47,19,6,4,8,N,7,1812951JE,1,6,TL4,4,3,BRITISH, , ,5,F,1,5,N,13,0,0,0,1,27, ,33,18.79931507,1
22.16986301,55,3,2,52,3,11,5,2,4,1,17,5,4,5,2,19,7,3,1,3,y,5,0411931CO,1,0,TL4,3,1,FRENCH,9,9,5,F,0,3,N,11,0,1,0,1,8,11,13,20.91986301,1
19.83287671,67,11,3,56,3,16,8,1,3,3,21,5,4,4,4,20,4,4,5,4,N,5,0603962AN,1,5,TL3,6,3,BRITISH, , , ,M,2,4,Y,5,0,0,0,1,12,13,12,18.58287671,1
27.13424658,52,4,2,48,3,21,9,5,4,1,19,7,4,5,2,23,9,6,1,1,N,6,1811882FU,1,9,TL4,9,5,HUNGARIAN,13,10,7,M,9,8,N,6,0,1,0,1,15,13,16,25.88424658,1
20.56712329,66,5,3,61,3,20,10,3,3,2,19,7,3,4,3,22,10,5,5,1,y,6,1206951PA,1,8,TL3,6,1,BRITISH, , , ,M,1,8,N,3,0,0,0,1,15,13,16,19.31712329,1
25.32876712,61,6,3,55,3,25,9,4,4,4,19,7,5,5,1,25,7,8,1,1,y,9,0809902LE,1,8,TL4,8,3,MEXICAN, , , ,F,9,7,Y,15,5,1,0,1,17,13,16,24.07876712,1
22.68767123,65,3,3,62,3,14,4,4,2,1,23,7,4,3,4,15,1,4,4,3,N,6,2904930ST,1,7,TL2,6,1,GREEK,11,9,8,F,1,6,N,7,0,1,0,1,9,15,8,21.43767123,1
19.54246575,84,11,6,73,3,46,16,5,4,10,22,8,4,5,3,36,12,6,1,6,y,9,2006962CA,1,8,TL4,10,3,BRITISH, , , ,M,3,9,N,5,0,0,0,1,31,15,24,18.29246575,1
19.46575342,71,9,4,62,3,37,15,5,2,6,23,7,1,3,7,39,13,5,4,8,N,8,1807961JU,1,9,TL2,9,5,BRITISH, , , ,F,4,8,N,8,0,0,0,1,26,15,26,18.21575342,1
20.34246575,69,8,4,61,3,18,4,5,5,2,26,6,4,1,6,30,8,5,2,6,N,2,0209951SA,1,9,COV,6,8,BRITISH,6,11,4,F,3,1,N,14,0,0,0,1,11,16,19,19.09246575,1
20.56986301,69,6,4,63,3,33,11,5,1,6,25,9,6,2,2,22,8,2,3,5,N,7,1106954CL,1,9,TL1,9,7,BRITISH, , , ,F,4,7,Y,10,1,0,0,1,22,17,15,19.31986301,1
19.38630137,74,7,5,67,3,31,11,6,4,4,27,7,6,5,4,25,9,6,1,2,N,8,1608963BO,1,4,TL4,9,1,BRITISH,12,9,6,F,1,9,N,14,0,0,0,1,21,17,17,18.13630137,1
20.26575342,81,16,6,65,3,25,7,5,3,4,23,11,4,4,2,29,7,8,5,3,y,6,3009952AN,1,9,TL3,6,6,HUNGARIAN, , , ,F,8,10,N,11,0,1,0,1,16,17,18,19.01575342,1
19.55068493,61,6,3,55,3,23,3,5,5,5,30,4,5,1,8,30,8,4,2,7,N,2,1706962FI,1,2,COV,8,3,BRITISH, , , ,F,3,2,N,6,0,0,0,1,13,17,19,18.30068493,1
21.99452055,79,16,6,63,3,23,11,3,3,3,24,12,3,4,3,28,8,6,5,4,N,7,0701944CA,1,3,TL3,8,1,IRISH, , , ,F,1,8,Y,6,2,0,0,1,17,18,18,20.74452055,1
21.39452055,80,12,6,68,3,23,11,4,3,2,26,10,4,4,4,36,12,6,5,6,N,4,1408941CL,1,8,TL3,5,3,ITALIAN,6,10,9,F,3,7,N,5,0,1,0,1,17,18,24,20.14452055,1
22.37534247,73,13,4,60,3,29,9,6,2,4,30,8,5,3,6,22,6,4,4,4,N,10,2108933NI,1,6,TL2,10,2,IRISH,12,7,4,F,4,10,Y,8,2,0,0,1,19,19,14,21.12534247,1
19.49315068,72,10,4,62,3,19,5,4,3,3,28,10,3,4,6,23,9,4,5,3,N,9,0807960LY,1,9,TL3,6,3,BRITISH,12,10,8,F,5,6,N,11,0,0,0,1,12,19,16,18.24315068,1
20.0630137,61,8,3,53,3,28,6,5,5,6,33,5,7,1,7,30,8,6,2,5,N,6,1312952JA,1,4,COV,9,5,BRITISH,15,7,7,M,2,1,N,3,0,0,0,1,17,19,19,18.8130137,1
20.22191781,71,6,4,65,3,32,10,4,3,7,31,7,5,4,7,29,9,5,5,5,y,7,1610953AN,1,8,TL3,6,6,BRITISH,11,13,8,F,4,6,N,5,0,0,0,1,21,19,19,18.97191781,1
20.25479452,84,14,6,70,3,20,8,3,3,3,28,10,4,4,5,33,11,4,5,7,N,7,0410951NA,1,2,TL3,6,2,BRITISH, , , ,F,1,7,N,14,0,0,0,1,14,19,22,19.00479452,1
21.17808219,70,6,4,64,3,26,12,4,1,3,34,6,5,2,9,16,6,3,3,2,N,5,0111942CA,1,4,TL1,4,3,BRITISH, , , ,F,3,4,Y,7,1,0,0,1,19,20,11,19.92808219,1
20.62739726,74,8,5,66,3,21,7,4,1,3,30,10,5,2,5,23,9,3,3,4,N,8,2105951FR,1,5,TL1,3,2,ITALIAN,9,9,6,F,3,5,N,16,0,1,0,1,14,20,16,19.37739726,1
21.16986301,81,19,6,62,3,26,8,5,2,4,29,11,5,3,4,30,14,6,4,2,y,4,0411943JO,1,4,TL2,3,1,BRITISH, , , ,F,2,6,N,4,0,0,0,1,17,20,22,19.91986301,1
19.57260274,60,6,3,54,3,27,7,6,5,4,33,9,5,1,7,15,7,3,2,1,N,1,0906961CH,1,4,COV,3,2,BRITISH,8,13,6,F,2,1,N,14,0,0,0,1,17,21,11,18.32260274,1
20.25753425,72,16,4,56,3,20,8,3,2,3,32,10,4,3,7,30,10,4,4,6,N,10,0310951SI,1,6,TL2,3,1,BRITISH, , , ,F,1,4,N,8,0,0,0,1,14,21,20,19.00753425,1
19.37808219,53,4,2,49,3,21,5,4,2,4,34,8,4,3,9,45,11,7,4,10,N,9,1908962EL,1,4,TL2,6,1,BRITISH, , , ,F,4,3,N,15,0,0,0,1,13,21,28,18.12808219,1
19.44383562,80,16,6,64,3,32,14,3,4,6,34,10,4,5,8,12,0,0,1,6,y,3,2607963LO,1,7,TL4,7,7,BRITISH, , , ,M,1,7,N,7,0,0,1,1,23,22,6,18.19383562,1
19.81643836,67,9,3,58,3,30,8,5,1,6,32,12,5,2,5,27,5,3,3,8,N,10,1203962HE,1,7,TL1,7,7,BRITISH,10,9,10,F,1,4,N,12,0,0,0,1,19,22,16,18.56643836,1
19.35342466,66,6,3,60,3,27,13,3,1,4,35,9,7,2,6,24,8,5,3,3,y,8,2808961EL,1,9,TL1,8,7,BRITISH, ,7,6,F,6,9,N,6,0,0,0,1,20,22,16,18.10342466,1
19.58630137,81,13,6,68,3,28,12,6,2,2,32,12,6,3,4,39,11,5,4,9,y,7,0406961SO,1,5,TL2,7,2,BELGIAN,7,7,5,F,3,7,N,12,0,1,0,1,20,22,25,18.33630137,1
21.23835616,80,13,6,67,3,33,9,5,5,7,36,8,4,1,10,38,12,3,2,10,N,5,1010940JU,1,8,COV,9,7,BRITISH,12,7,9,M,3,3,N,8,0,0,0,1,21,22,25,19.98835616,1
20.79452055,84,16,6,68,3,34,12,6,4,5,35,9,6,5,7,38,12,6,1,7,y,8,2103951EL,1,10,TL4,7,4,BRITISH, , , ,F,3,10,N,5,0,0,0,1,23,22,25,19.54452055,1
22.97534247,67,9,3,58,3,28,8,7,2,3,34,12,5,3,6,27,7,6,4,4,N,1,1401932EL,1,6,TL2,6,3,BRITISH,12,9,8,M,8,4,N,5,0,0,0,1,18,23,17,21.72534247,1
20.42465753,80,12,6,68,3,29,15,4,1,3,37,9,7,2,7,29,9,4,3,6,N,5,0308952NI,1,4,TL1,5,4,BRITISH,13,10,7,M,1,6,Y,4,1,0,0,1,22,23,19,19.17465753,1
20.44109589,81,12,6,69,3,27,7,4,5,6,38,8,6,1,9,37,11,6,2,7,N,4,2807951SA,1,6,COV,4,5,BRITISH, ,7, ,F,3,3,Y,10,9,0,0,1,17,23,24,19.19109589,1
21.2109589,69,9,4,60,3,33,11,3,3,8,35,11,6,4,6,39,11,6,5,8,y,6,2010941NI,1,8,TL3,6,5,BRITISH,13,10,8,F,2,7,N,5,0,0,0,1,22,23,25,19.9609589,1
19.97260274,79,9,6,70,3,31,9,6,1,5,40,8,7,2,9,26,8,4,3,5,N,10,1501961TR,1,7,TL1,3,1,BERMUDIAN,12,13,6,F,3,3,N,9,0,0,0,1,20,24,17,18.72260274,1
19.35890411,82,14,6,68,3,30,6,7,3,5,35,13,6,4,5,46,10,9,5,9,N,9,2608961BE,1,6,TL3,11,5,AMERICAN, ,11, ,F,1,5,Y,15,10,0,0,1,18,24,28,18.10890411,1
21.0109589,80,11,6,69,3,18,8,4,2,1,36,14,5,3,6,33,11,5,4,6,N,8,0109953AG,1,7,TL2,3,1,BRITISH,12,12,7,F,2,4,N,5,0,0,0,1,13,25,22,19.7609589,1
20.56986301,86,15,7,71,3,26,10,3,4,5,39,11,5,5,9,38,6,6,1,10,N,3,1106950CA,1,8,TL4,8,8,BRITISH, , , ,M,7,8,Y,3,1,0,0,1,18,25,22,19.31986301,1
20.58630137,86,21,7,65,3,25,5,7,2,3,37,13,5,3,7,39,11,6,4,8,y,6,0506953AN,1,8,TL2,6,3,BRITISH, , , ,F,3,3,N,5,0,0,0,1,15,25,25,19.33630137,1
22.26575342,82,13,6,69,3,48,18,5,3,10,36,14,4,4,7,48,16,5,5,11,N,2,3009930ER,1,6,TL3,5,2,BRITISH, , , ,F,2,5,Y,0,2,0,0,1,33,25,32,21.01575342,1
20.90958904,67,7,3,60,3,24,10,3,1,4,40,12,8,2,6,27,13,2,3,5,y,6,0702952DE,1,5,TL1,4,4,BRITISH,12,8,7,F,3,3,N,14,0,0,0,1,17,26,20,19.65958904,1
19.93150685,82,17,6,65,3,31,7,4,1,8,41,11,7,2,8,45,5,7,3,13,N,4,3001960CA,1,6,TL1,5,4,BRITISH, , , ,M,1,5,Y,2,2,0,0,1,19,26,25,18.68150685,1
19.85479452,74,8,5,66,3,28,12,3,3,5,37,15,6,4,5,39,11,7,5,7,y,8,2702963DE,1,7,TL3,10,1,BRITISH, , , ,M,1,10,N,11,0,0,0,1,20,26,25,18.60479452,1
19.96986301,83,11,6,72,3,27,9,5,4,4,41,13,5,5,9,39,13,6,1,7,N,8,1601962RU,1,8,TL4,7,2,BRITISH, , , ,F,3,7,N,8,0,0,0,1,18,27,26,18.71986301,1
20.00821918,70,9,4,61,3,42,10,8,2,8,42,14,7,3,7,35,9,6,4,7,y,8,0201964HA,1,8,TL2,9,7,BRITISH,13,10,9,M,4,8,N,8,0,0,0,1,26,28,22,18.75821918,1
20.13424658,81,12,6,69,3,44,12,7,2,9,52,12,7,3,13,43,17,5,4,8,N,11,1711952KA,1,10,TL2,10,4,BRITISH, , , ,F,4,6,Y,15,2,0,0,1,28,32,30,18.88424658,1
19.77534247,88,14,7,74,3,40,12,5,4,9,49,15,6,5,11,57,15,9,1,12,y,9,2703961CL,1,8,TL4,8,7,BRITISH, ,9, ,F,7,1,N,15,0,0,0,1,26,32,36,18.52534247,1
20.20273973,79,15,6,64,3,45,15,5,2,10,57,9,8,3,16,42,6,7,4,11,y,6,2310952LI,1,5,TL2,4,4,BRITISH, , , ,M,4,3,Y,4,2,0,0,1,30,33,24,18.95273973,1
20.01643836,91,20,7,71,3,46,12,7,3,10,52,18,6,4,11,63,17,7,5,16,N,7,3012953SA,1,1,TL3,3,1,BRITISH, , , ,F,1,1,Y,2,2,0,0,1,29,35,40,18.76643836,1
19.35342466,71,12,4,59,1,12,4,3,2,1, , , , , , , , , , ,N,8,2808962AN,2,7,TL4,5,6,ITALIAN, , , ,F,1,5,N,11,0,1,0, ,8, , ,19.10342466,0
21.24931507,57,6,2,51,1,11,5,3,3,0, , , , , , , , , , ,N,6,0610940DE,2,1,COV,0,0,BULGARIAN, , , ,F,0,0,N,5,0,1,1, ,8, , ,20.99931507,0
18.98356164,76,8,5,68,1,12,6,1,3,2, , , , , , , , , , ,0,1,1001971SU,2,2,COV,5,0,BRITISH, , , ,F,0,0,N,0,0,0,0, ,9, , ,18.73356164,0
18.48767123,67,5,3,62,1,15,7,3,3,1, , , , , , , , , , ,N,9,1007972MI,2,6,COV,7,3,BRITISH,7,10,9,F,3,5,N,13,0,0,0, ,11, , ,18.23767123,0
19.96986301,66,5,3,61,1,17,5,2,3,4, , , , , , , , , , ,N,7,1601969AM,2,7,COV,6,7,BRITSH, , , ,F,7,6,N,4,0,0,0, ,11, , ,19.71986301,0
20.84109589,64,6,3,58,1,15,7,3,3,1, , , , , , , , , , ,N,2,1403952KA,2,4,COV,1,2,BRITISH, , , ,F,4,6,N,10,0,0,0, ,11, , ,20.59109589,0
20.37534247,60,5,3,55,1,16,10,0,1,3, , , , , , , , , , ,N,6,2108950MA,2,8,TL3,6,10,BRITISH,4,7, ,F,1,6,Y,6,1,0,1, ,13, , ,20.12534247,0
18.93972603,62,6,3,56,1,20,6,3,3,4, , , , , , , , , , ,N,7,2601971TE,2,7,COV,5,5,BRITISH, , , ,F,5,5,N,11,0,0,0, ,13, , ,18.68972603,0
19.82191781,66,7,3,59,1,17,11,0,1,3, , , , , , , , , , ,N,4,1003961MA,2,2,TL3,7,3,SWEDISH,11,5,4,F,1,2,N,6,0,1,1, ,14, , ,19.57191781,0
19.26027397,79,12,6,67,1,22,6,4,3,4, , , , , , , , , , ,N,4,0110961PA,2,6,COV,6,5,BRITISH,8,8,8,F,3,4,Y,10,2,0,0, ,14, , ,19.01027397,0
24.43287671,74,10,5,64,1,23,7,2,3,6, , , , , , , , , , ,N,2,0108913DI,2,4,COV,4,3,BRITISH,14,10,8,F,1,3,N,6,0,0,0, ,15, , ,24.18287671,0
27.56712329,49,3,1,46,1,23,9,4,3,3, , , , , , , , , , ,N,0,1306882MI,2,0,COV,0,0,BRITISH, , , ,M,0,0,Y,6,2,0,0, ,16, , ,27.31712329,0
18.39726027,71,10,4,61,1,24,8,4,4,4, , , , , , , , , , ,N,10,1208972DI,2,6,TL1,4,5,BRITISH, , , ,F,4,5,Y,15,1,0,0, ,16, , ,18.14726027,0
18.68767123,78,13,6,65,1,24,8,4,4,4, , , , , , , , , , ,y,4,2804976CV,2,8,TL1,4,7,BRITISH,12,10,9,M,1,9,N,4,0,0,0, ,16, , ,18.43767123,0
19.54520548,75,10,5,65,1,29,7,3,3,8, , , , , , , , , , ,N,2,1906961CA,2,8,COV,5,7,BRITISH, , , ,F,7,5,N,7,0,0,0, ,18, , ,19.29520548,0
18.47123288,75,9,5,66,1,28,10,3,3,6, , , , , , , , , , ,N,5,1607971LY,2,7,COV,4,8,BRITSH,11,8,7,F,3,1,N,15,0,0,0, ,19, , ,18.22123288,0
21.92328767,74,10,5,64,1,28,10,3,3,6, , , , , , , , , , ,N,7,0202942JU,2,9,COV,8,7,BRITISH, , , ,F,6,7,Y,18,1,0,0, ,19, , ,21.67328767,0
18.36986301,78,6,6,72,1,31,9,5,1,6, , , , , , , , , , ,y,5,2208973DE,2,8,TL3,10,10,BRITISH,9,11,7,F,4,6,N,10,0,0,0, ,20, , ,18.11986301,0
18.5260274,84,16,6,68,1,36,6,4,3,11, , , , , , , , , , ,N,9,2606976SA,2,7,COV,3,4,BRITISH, , , ,F,4,5,Y,16,12,0,0, ,21, , ,18.2760274,0
18.89863014,77,13,5,64,1,34,14,6,2,4, , , , , , , , , , ,y,3,1002972HE,2,5,TL4,8,1,BRITISH, , , ,F,7,6,N,2,0,0,0, ,24, , ,18.64863014,0
20.32328767,55,3,2,52,2,8,4,2,3,0,14,2,5,4,1, , , , , ,y,0,0909952HA,2,0,COV,0,0,BRITISH,12,11,4,F,0,0,N,0,0,0,1, ,6,8, ,20.07328767,0
20.21369863,59,7,2,52,2,10,4,3,4,0,13,3,5,5,0, , , , , ,N,9,1910952KA,2,9,TL1,9,3,HUNGARIAN,9,14, ,F,6,3,Y,6,1,1,1, ,7,8, ,19.96369863,0
21.89315068,73,14,4,59,2,16,6,3,4,2,16,4,6,5,0, , , , , ,N,7,1302942MA,2,4,TL1,4,1,CYPRIOT,8,6,5,F,1,4,N,11,0,1,1, ,11,10, ,21.64315068,0
20.73424658,66,8,3,58,2,4,2,1,4,0,14,8,3,5,0, , , , , ,N,4,1204951CR,2,7,TL1,6,4,ITALIAN, , , ,F,1,7,N,13,0,1,1, ,3,11, ,20.48424658,0
18.95616438,64,5,3,59,2,25,7,4,1,5,17,5,4,2,2, , , , , ,y,7,2001971KA,2,9,TL3,9,5,BRITISH, , , ,F,5,9,Y,4,2,0,0, ,16,11, ,18.70616438,0
20.4630137,70,10,4,60,2,22,6,6,1,2,21,5,6,2,2, , , , , ,N,6,2007951AN,2,6,TL3,6,5,FRENCH, , , ,F,2,5,N,0,0,1,0, ,14,13, ,20.2130137,0
19.62465753,61,7,3,54,2,21,7,6,2,1,19,7,4,3,2, , , , , ,N,8,2105961ST,2,7,TL4,4,2,BRITISH,10,9,9,F,3,8,N,13,0,0,0, ,14,13, ,19.37465753,0
22.25479452,66,6,3,60,1, , , , , ,18,10,2,1,2, , , , , ,N,9,0410932IN,2,1,TL2,2,2,GREEK, , , ,F,2,2,N,15,0,1,0, , ,14, ,22.00479452,0
25.01643836,60,4,3,56,2,14,6,2,2,2,19,9,3,3,2, , , , , ,N,8,3112900YU,2,8,TL4,7,3,CHINESE,6,4,3,F,4,4,Y,10,7,1,0, ,10,14, ,24.76643836,0
18.85205479, , , , ,1, , , , , ,20,10,3,3,2, , , , , ,0,0,2702970ju,2,0,TL4,0,0,0, , , ,0,0,0,0,0,0,0,0, , ,15, ,18.60205479,0
19.2109589,66,6,3,60,2,18,4,3,5,4,24,6,3,1,6, , , , , ,N,7,1910962CA,2,7,TL2,6,7,BRITISH,14,10,7,M,7,10,N,4,0,0,0, ,11,15, ,18.9609589,0
18.53150685,67,7,3,60,2,22,2,6,2,4,21,9,3,3,3, , , , , ,y,9,2406974th,2,8,TL4,7,6,BRITISH,9,12,3,F,9,7,N,11,0,0,0, ,12,15, ,18.28150685,0
18.63013699,81,17,6,64,2,30,8,4,2,7,23,7,2,3,6, , , , , ,y,5,1905971JU,2,5,TL4,8,4,BRITISH,11,11,4,M,4,6,N,5,0,0,0, ,19,15, ,18.38013699,0
19.50958904, , , , ,1, , , , , ,25,7,0,3,9, , , , , ,y,5,0207960HE,2,9,TL3,4,3,BRITISH, , , ,F,4,4,N,13,0,0,1, , ,16, ,19.25958904,0
19.04931507,65,4,3,61,2,26,8,4,1,5,25,7,4,2,5, , , , , ,N,9,1712961JE,2,4,TL3,5,6,BRITISH,11,9,8,F,1,5,N,15,0,0,0, ,17,16, ,18.79931507,0
18.37534247,76,16,5,60,2,13,7,2,4,1,28,6,4,5,7, , , , , ,y,7,2008972SA,2,9,TL1,10,1,BRITISH,14,10,5,M,1,8,N,4,0,0,0, ,10,17, ,18.12534247,0
20.90684932,79,11,6,68,2,17,7,5,1,0,25,9,4,2,4, , , , , ,N,7,0502954FR,2,4,TL3,3,1,ITALIAN,9,10,6,M,2,4,N,4,0,1,1, ,12,17, ,20.65684932,0
18.64931507,76,10,5,66,2,16,10,2,2,1,25,9,4,3,4, , , , , ,N,2,1205970CA,2,3,TL4,1,1,GREEK,11,7,9,F,1,1,N,14,0,1,0, ,13,17, ,18.39931507,0
18.84931507,63,8,3,55,2,22,10,2,3,4,25,9,5,4,3, , , , , ,N,7,2802971RA,2,8,COV,5,6,ASIAN, , , ,F,3,4,N,4,0,1,0, ,16,17, ,18.59931507,0
18.54246575,67,9,3,58,2,29,9,5,5,5,24,10,3,1,4, , , , , ,y,7,2006972JE,2,6,TL2,3,4,BRITISH,13,12,6,F,2,3,N,5,0,0,0, ,19,17, ,18.29246575,0
18.77534247,72,11,4,61,2,32,8,5,4,7,26,8,6,5,3, , , , , ,N,8,2703972JO,2,7,TL1,6,1,BRITISH,13,10,7,F,2,8,N,8,0,0,0, ,20,17, ,18.52534247,0
18.7369863,65,6,3,59,2,31,17,4,2,3,26,10,6,3,2, , , , , ,y,8,1004971BA,2,8,TL4,7,2,BRITISH,15,10,5,F,5,7,N,6,0,0,0, ,24,18, ,18.4869863,0
18.93424658,79,14,6,65,2,19,5,4,3,3,32,6,5,4,8, , , , , ,N,8,2801972RA,2,8,COV,7,2,BRITISH,12,12,7,F,5,2,N,7,0,0,0, ,12,19, ,18.68424658,0
21.08219178,67,11,3,56,2,20,4,4,4,4,32,6,7,5,6, , , , , ,N,4,0612943RE,2,5,TL1,6,1,BRITISH, , , ,M,3,1,Y,4,1,0,0, ,12,19, ,20.83219178,0
23.76986301,53,4,2,49,2,30,8,4,4,7,32,6,5,5,8, , , , , ,N,3,3003922US,2,4,TL1,9,8,GERMAN,9,8,1,M,7,9,Y,3,1,1,0, ,19,19, ,23.51986301,0
19.36712329,67,4,3,63,2,34,10,6,2,6,29,9,6,3,4, , , , , ,N,9,2308962AN,2,11,TL4,11,7,AMERICAN, , , ,M,7,1,N,12,0,0,0, ,22,19, ,19.11712329,0
21.81917808, , , , ,2, , , , , ,29,9,5,1,5,35,9,5,2,8,0,0,1203942CA,2,0,TL2,0,0,0, , , ,0,0,0,0,0,0,0,0, , ,19,22,21.56917808,1
19.98356164,65,7,3,58,2,21,5,3,5,5,31,9,5,1,6, , , , , ,N,5,1101961CH,2,5,TL2,4,1,BRITISH, , , ,M,1,1,Y,3,3,0,0, ,13,20, ,19.73356164,0
19.14246575,71,7,4,64,2,21,9,5,2,1,24,16,2,3,2, , , , , ,y,7,1311961JA,2,9,TL4,9,4,BRITISH, ,11, ,F,4,6,Y,10,2,0,0, ,15,20, ,18.89246575,0
21.77808219,70,14,4,56,2,24,8,4,5,4,29,11,3,1,6, , , , , ,N,3,2703942MA,2,1,TL2,8,3,ITALIAN, , , ,M,6,7,N,2,0,1,0, ,16,20, ,21.52808219,0
19.76712329,73,6,4,67,2,43,9,8,1,9,32,8,7,2,5, , , , , ,N,4,3003963MI,2,6,TL3,6,8,BRITISH,8,9,8,M,5,7,Y,4,2,0,0, ,26,20, ,19.51712329,0
20.13150685, , , , ,2, , , , , ,33,9,5,3,7,31,11,6,4,4,N,6,1811952MA,2,7,TL4,7,3,LUXEMBOURG,16,12,9,F,3,7,N,10,0,1,0, , ,21,21,19.88150685,1
19.93424658, , , , ,1, , , , , ,34,10,4,1,8, , , , , ,N,3,2901961LY,2,6,TL2,5,4,FRENCH, , , ,F,3,5,Y,10,1,1,0, , ,22, ,19.68424658,0
19.78082192,80,11,6,69,2,18,6,4,5,2,32,12,6,5,4, , , , , ,N,5,2503962JU,2,3,TL2,2,3,BRITISH,14,11,11,F,1,2,N,2,0,0,0, ,12,22, ,19.53082192,0
19.59178082,77,9,5,68,2,22,4,4,5,5,37,9,5,1,9, , , , , ,N,8,0206962LI,2,7,TL2,5,1,BRITISH,13,11,8,F,2,1,N,10,0,0,0, ,13,23, ,19.34178082,0
18.95890411,74,6,5,68,2,37,11,6,1,7,40,6,9,2,8, , , , , ,N,8,1901971NA,2,6,TL3,6,5,BRITISH, , , ,F,1,8,N,10,0,0,0, ,24,23, ,18.70890411,0
18.91506849,64,5,3,59,2,41,15,6,1,7,33,13,5,2,5, , , , , ,N,8,0402972AM,2,2,TL3,8,1,IRISH,9,8,7,M,7,6,N,2,0,0,0, ,28,23, ,18.66506849,0
18.53972603,75,11,5,64,2,37,11,6,4,7,40,8,8,5,8, , , , , ,y,5,2106971DE,2,6,TL1,5,1,BRITISH,12,14,7,F,1,3,N,7,0,0,0, ,24,24, ,18.28972603,0
20.1369863,70,8,4,62,2,24,6,3,3,6,43,7,8,4,10, , , , , ,N,3,1611953CA,2,5,COV,6,1,BRITISH,9,10,6,F,1,7,N,7,0,0,0, ,15,25, ,19.8869863,0
20.55890411,69,9,4,60,2,30,8,3,3,8,38,12,5,4,8, , , , , ,y,9,1506953JE,2,9,COV,8,6,BRITISH, , , ,F,7,8,Y,10,1,0,0, ,19,25, ,20.30890411,0
19.22191781,83,11,6,72,2,29,9,4,4,6,37,13,6,5,6, , , , , ,y,6,1510961LI,2,5,TL1,6,4,BRITISH, , , ,F,1,6,N,12,0,0,0, ,19,25, ,18.97191781,0
18.7369863,84,15,6,69,2,23,9,4,5,3,41,11,7,1,8, , , , , ,N,1,1004972ME,2,8,TL2,11,9,BRITISH,4,5,5,F,10,10,N,6,0,0,0, ,16,26, ,18.4869863,0
18.8739726,61,4,3,57,2,38,12,5,1,8,38,14,8,2,4, , , , , ,y,7,1902972HI,2,8,TL3,10,1,BRITISH, , , ,F,1,9,N,5,0,0,0, ,25,26, ,18.6239726,0
21.73150685,67,9,3,58,2,31,11,3,4,7,40,14,5,5,8, , , , , ,y,8,1304941MY,2,6,TL1,4,4,KOREAN, , , ,F,4,3,Y,12,1,1,0, ,21,27, ,21.48150685,0
18.20821918,65,6,3,59,2,44,16,5,1,9,42,12,3,2,12, , , , , ,N,9,2010972ST,2,7,TL3,10,2,NEW ZEALAND,10,11, ,F,4,10,N,7,0,0,0, ,30,27, ,17.95821918,0
19.2630137,58,7,2,51,2,28,6,7,4,4,42,14,6,5,8, , , , , ,y,1,3009963HE,2,5,TL1,8,1,BRITISH, , , ,F,9,7,N,1,0,0,0, ,17,28, ,19.0130137,0
20.61643836,74,11,5,63,2,38,10,7,1,7,48,8,9,2,11, , , , , ,N,9,2509951SU,2,7,TL3,7,6,BRITISH, , , ,F,7,4,Y,5,1,0,0, ,24,28, ,20.36643836,0
18.57808219,79,9,6,70,2,32,10,3,5,8,54,14,7,1,13, , , , , ,y,8,0706971MI,2,6,TL2,6,6,BRITISH,6,7,4,F,5,6,N,9,0,0,0, ,21,34, ,18.32808219,0
22.65205479,81,13,6,68,2,26,8,4,4,5,51,21,6,5,9, , , , , ,N,10,1205933SO,2,1,TL1,7,2,ITALIAN,8,8,7,M,6,3,N,9,0,1,0, ,17,36, ,22.40205479,0
19.13972603,64,7,3,57,2,8,2,2,3,1, , , , , ,15,5,2,5,3,N,0,1411962YA,2,4,COV,3,0,BRITISH, , , ,F,2,0,N,15,0,0,0,1,5, ,10,18.88972603,1
22.84931507,54,2,2,52,2,15,1,4,2,3, , , , , ,27,5,5,2,6,N,11,0103930KI,2,5,TL4,4,2,NORWEIGIAN,10,9,8,F,2,3,N,15,0,1,0,1,8, ,16,22.59931507,1
19.9890411,78,9,6,69,2,33,13,7,1,3, , , , , ,25,11,3,3,4,N,7,0901961FR,2,9,TL3,10,5,ITALIAN,8,9,6,F,7,8,Y,10,8,1,0,1,23, ,18,19.7390411,1
23.64109589,60,2,3,58,2,35,11,5,1,7, , , , , ,30,8,5,3,6,y,1,1605925ME,2,1,TL3,3,2,BRITISH, , , ,M,1,2,Y,4,3,0,0,1,23, ,19,23.39109589,1
18.44383562,65,4,3,61,2,22,10,2,3,4, , , , , ,32,10,4,5,7,N,3,2607971GA,2,6,COV,6,0,BRITSH, , , ,F,0,4,N,7,0,0,0,1,16, ,21,18.19383562,1
19.16164384,68,10,4,58,2,32,12,5,4,5, , , , , ,34,10,5,1,7,y,7,0611963MA,2,8,TL1,8,6,BRITISH,13,11,7,F,1,9,N,10,0,0,0,1,22, ,22,18.91164384,1
19.01643836,72,5,4,67,2,33,9,4,5,8, , , , , ,43,15,6,2,8,y,7,2912962JA,2,9,TL2,9,5,BRITISH, , , ,M,4,8,N,5,0,0,0,1,21, ,29,18.76643836,1
22.67123288,63,6,3,57,3,12,4,3,2,1,11,5,3,3,0,20,6,4,4,3,N,1,0505931FR,2,5,TL4,6,3,ITALIAN,13,8,5,M,7,5,N,4,0,1,1,1,8,8,13,22.42123288,1
18.66575342,79,12,6,67,3,24,6,4,5,5,14,4,0,1,5,23,11,5,2,1,y,5,0506971PE,2,8,TL2,8,5,BRITISH,10,9, ,M,3,7,N,5,0,0,1,1,15,9,17,18.41575342,1
19.22465753,69,8,4,61,3,23,11,3,1,3,16,6,3,2,2,10,2,2,3,2,N,7,1410960FS,2,4,TL3,7,4,BELGIAN,8,13,5,F,4,7,N,4,0,1,0,1,17,11,6,18.97465753,1
18.89589041,64,9,3,55,3,16,6,4,5,1,18,4,3,1,4,30,6,8,2,4,N,9,1102971LO,2,8,TL2,4,1,BRITISH,10,13,8,F,1,3,Y,13,2,0,0,1,11,11,18,18.64589041,1
20.61369863,75,9,5,66,3,23,7,3,1,5,21,3,3,2,6,26,6,4,3,6,N,2,2605952RU,2,6,TL3,9,7,BRITISH,12,9,6,F,1,9,N,6,0,0,0,1,15,12,16,20.36369863,1
20.33150685,61,2,3,59,3,13,5,2,1,2,20,6,5,2,2,18,6,3,3,3,y,3,0609952LO,2,5,TL3,7,5,ITALIAN,6,3,4,F,6,7,Y,5,2,1,0,1,9,13,12,20.08150685,1
19.51780822,64,8,3,56,3,16,6,3,5,2,22,4,3,1,6,26,6,5,2,5,N,9,2906962KA,2,7,TL2,8,6,SWEDISH, , , ,F,7,7,N,10,0,1,0,1,11,13,16,19.26780822,1
19.72328767,69,12,4,57,3,40,14,4,4,9,20,8,5,5,1,22,8,5,1,2,N,9,1504961JE,2,4,TL1,7,5,BRITISH, , , ,F,5,7,Y,14,1,0,0,1,27,14,15,19.47328767,1
18.8,79,11,6,68,3,18,6,4,5,2,25,7,3,1,6,26,4,6,2,5,y,9,1803973EL,2,9,TL2,7,7,BRITISH, , , ,F,8,2,N,16,0,0,0,1,12,16,15,18.55,1
18.75068493,83,16,6,67,3,24,8,6,5,2,25,7,5,1,4,25,9,5,2,3,y,8,0504971MA,2,6,TL2,6,2,BRITISH, , , ,F,2,2,N,10,0,0,0,1,16,16,17,18.50068493,1
21.22465753,63,6,3,57,3,15,3,4,5,2,24,8,3,1,5,31,9,7,2,4,N,8,1510942GI,2,4,TL2,2,4,ITALIAN,9,12,4,F,1,1,N,4,0,1,0,1,9,16,20,20.97465753,1
18.79452055,69,4,4,65,3,28,8,4,1,6,27,5,7,2,4,33,7,6,3,7,y,7,2003971JI,2,8,TL3,8,4,BRITISH,8,11,10,F,7,8,N,6,0,0,0,1,18,16,20,18.54452055,1
18.49041096,65,8,3,57,3,18,2,5,2,3,26,6,5,3,5,29,13,6,4,2,N,6,0907972KA,2,3,TL4,6,2,FRENCH,8,12,7,F,3,5,Y,15,6,1,0,1,10,16,21,18.24041096,1
20.73424658,65,6,3,59,3,18,6,4,5,2,31,3,8,1,6,23,5,4,2,5,y,8,1204954CA,2,9,TL2,6,7,BELGIAN,12,12,7,F,9,6,Y,15,2,1,0,1,12,17,14,20.48424658,1
19.56712329,77,11,5,66,3,29,11,7,2,2,27,7,7,3,3,21,11,2,4,3,N,9,1106960BR,2,5,TL4,5,1,BRITISH,10,11,8,F,3,5,Y,5,2,0,0,1,20,17,16,19.31712329,1
18.35890411,57,4,2,53,3,25,7,4,2,5,27,7,4,3,6,25,9,4,4,4,N,8,2608970SU,2,9,TL4,8,6,BRITISH,10,6,5,M,1,8,Y,10,2,0,0,1,16,17,17,18.10890411,1
19.69589041,66,4,3,62,3,32,8,4,2,8,27,9,6,3,3,32,10,5,4,6,N,9,2504963SA,2,4,TL4,1,1,BRITISH,6,11,6,F,1,1,Y,14,1,0,0,1,20,18,21,19.44589041,1
19.20547945,79,15,6,64,3,27,9,5,5,4,29,7,5,1,6,36,8,8,2,6,N,8,2110962JU,2,6,TL2,3,2,BRITISH, , , ,F,1,3,Y,9,2,0,0,1,18,18,22,18.95547945,1
20.73972603,80,18,6,62,3,25,7,6,5,3,33,7,6,5,7,38,8,6,1,9,N,5,1004955RO,2,1,TL2,7,3,MALAYSIAN,13,10,10,F,1,2,Y,9,2,1,0,1,16,20,23,20.48972603,1
18.38082192,64,3,3,61,3,28,6,5,1,6,33,9,5,2,7,34,8,6,3,7,y,5,1808971MA,2,7,TL3,9,7,BRITISH,8,11,7,F,8,3,N,7,0,0,0,1,17,21,21,18.13082192,1
19.24383562,80,15,6,65,3,28,6,7,2,4,35,7,6,3,8,48,18,8,4,7,N,7,0710963NI,2,5,TL4,9,4,AMERICAN,7,9,8,F,2,7,Y,7,1,0,0,1,17,21,33,18.99383562,1
18.81917808,71,11,4,60,3,28,8,6,5,4,36,8,4,1,10,28,8,6,2,4,y,10,1103971TA,2,8,TL2,8,5,BRITISH, , , ,F,1,8,N,14,0,0,0,1,18,22,18,18.56917808,1
18.52876712,76,6,5,70,3,29,15,5,1,2,36,8,8,2,6,28,8,4,3,6,y,7,2506970SU,2,6,TL3,9,5,BRITISH,10,12,9,M,4,2,N,3,0,0,0,1,22,22,18,18.27876712,1
18.91506849,74,15,5,59,3,41,7,7,1,10,37,7,6,2,9,43,11,5,2,11,y,3,0402973KA,2,5,TL3,5,2,BRITISH,9,8,7,M,1,5,N,2,0,0,0,1,24,22,27,18.66506849,1
21.67671233,91,18,7,73,3,26,10,2,4,6,32,14,6,2,3,27,9,4,3,5,N,3,0305940AN,2,6,TL1,6,1,GERMAN,12,9,7,F,3,5,Y,3,3,1,0,1,18,23,18,21.42671233,1
19.1369863,57,2,2,55,3,26,8,5,1,4,35,11,7,2,5,28,10,4,3,5,y,5,1512960AN,2,7,TL3,6,5,BRITISH, , , ,F,7,5,N,4,0,0,0,1,17,23,19,18.8869863,1
18.17808219,73,11,4,62,3,25,5,4,5,6,37,9,6,1,8,29,11,6,2,3,N,8,3110972CH,2,2,TL2,3,1,BRITISH,14,11, ,F,1,3,N,10,0,0,0,1,15,23,20,17.92808219,1
21.00273973,74,7,5,67,3,32,12,5,2,5,34,12,5,3,6,34,8,6,4,7,N,8,0401950SU,2,6,TL4,5,4,ITALIAN,6,9,3,F,6,7,Y,10,1,1,0,1,22,23,21,20.75273973,1
18.65753425,68,8,4,60,3,40,8,5,2,11,38,8,6,3,9,33,9,5,4,7,N,9,0905972AL,2,7,TL4,3,1,BRITISH,8,9,9,F,1,3,N,13,0,0,0,1,24,23,21,18.40753425,1
18.83013699,68,6,4,62,3,39,7,7,2,9,35,11,4,3,8,39,7,4,4,12,y,7,0703972JE,2,9,TL4,4,6,BRITISH,12,12,6,F,1,6,N,6,0,0,0,1,23,23,23,18.58013699,1
18.5260274,82,16,6,66,3,22,2,3,5,7,35,11,5,1,7,41,11,6,2,9,y,5,2606972BR,2,7,TL2,6,5,IRISH,9,10,7,F,1,9,N,6,0,0,0,1,12,23,26,18.2760274,1
18.49589041,64,9,3,55,3,25,5,4,4,6,36,12,6,5,6,29,7,5,1,6,N,9,0707971HA,2,6,TL1,7,2,BRITISH,11,13,5,F,1,8,Y,10,2,0,0,1,15,24,18,18.24589041,1
19.6630137, , , , ,3,34,14,5,2,5,36,12,6,3,6,37,17,4,4,6,N,5,0709962JA,2,2,TL4,8,3,NORWEIGIAN, , , ,F,9,9,N,16,0,1,0,1,24,24,27,19.4130137,1
20.69863014,67,11,3,56,3,32,8,6,5,6,36,12,6,1,6,44,12,6,2,10,N,9,2505960AM,2,5,TL2,7,3,BRITISH,11,8,5,F,5,8,N,15,0,0,0,1,20,24,28,20.44863014,1
18.86575342,77,12,5,65,3,41,13,4,1,10,38,10,5,2,9,49,13,4,2,14,N,8,2202972AR,2,7,TL3,7,6,BRITISH,13,14,8,F,5,8,Y,7,1,0,0,1,27,24,31,18.61575342,1
26.69863014,69,13,4,56,3,17,9,2,4,2,38,14,5,5,7,22,8,5,1,2,N,3,2604891AN,2,6,TL1,6,1,GERMAN,13,11,7,F,1,3,Y,3,1,1,0,1,13,26,15,26.44863014,1
19.43835616,74,13,5,61,3,26,6,5,2,5,37,15,3,3,8,42,16,6,4,7,N,2,2807962SU,2,3,TL4,9,5,BRITISH,11,6,5,F,1,1,Y,4,1,0,0,1,16,26,29,19.18835616,1
20.67671233,83,16,6,67,3,39,13,5,5,8,39,13,6,1,7,46,16,5,2,10,N,8,0305950LO,2,8,TL2,8,4,BRITISH,11,9,8,F,3,8,Y,5,2,0,0,1,26,26,31,20.42671233,1
18.56438356,77,10,5,67,3,31,7,5,4,7,45,9,8,5,10,43,11,6,1,10,y,6,1206971AN,2,8,TL1,6,4,BRITISH,13,10,10,F,3,5,N,5,11,0,0,1,19,27,27,18.31438356,1
18.5890411,85,19,7,66,3,36,6,6,1,9,43,11,6,2,10,44,12,6,3,10,y,6,0306972LI,2,6,TL3,6,6,BRITISH,12,10,6,F,5,9,N,5,0,0,0,1,21,27,28,18.3390411,1
19.15068493,82,13,6,69,3,32,10,5,2,6,44,10,6,3,11,46,16,7,4,8,y,9,1110961RA,2,7,TL4,3,4,BRITISH,12,10,5,F,2,2,N,14,0,0,0,1,21,27,31,18.90068493,1
19.16164384,79,10,6,69,3,30,8,5,5,6,38,16,4,1,7,57,19,7,2,12,N,9,0611962JE,2,8,TL2,7,4,BRITISH,6,11,6,F,2,7,Y,5,2,0,0,1,19,27,38,18.91164384,1
19.70410959,70,11,4,59,3,25,7,4,4,5,42,14,5,5,9,33,9,8,1,4,N,10,2204961MI,2,5,TL1,4,2,BRITISH,10,11,6,F,1,4,Y,14,2,0,0,1,16,28,21,19.45410959,1
18.43561644,71,11,4,60,3,27,7,5,5,5,46,10,6,1,12,38,14,6,2,6,y,5,2907971JU,2,7,TL2,7,7,BRITISH,13,5,8,F,3,1,N,5,0,0,0,1,17,28,26,18.18561644,1
20.6739726,89,23,7,66,3,36,8,8,4,6,42,14,9,5,5,39,13,9,1,4,N,8,0405951KI,2,8,TL1,8,2,BRITISH,10,9,4,F,4,11,Y,6,2,0,0,1,22,28,26,20.4239726,1
19.58630137,85,21,7,64,3,36,12,4,4,8,45,11,7,5,10,48,18,4,1,11,N,7,0406964AM,2,7,TL1,5,1,BRITISH,12,7,7,F,1,6,N,15,0,0,0,1,24,28,33,19.33630137,1
18.50684932,75,11,5,64,3,27,3,6,4,6,46,12,7,5,10,32,8,5,1,7,y,9,0307971FI,2,9,TL1,5,5,BRITISH, , , ,F,1,5,N,6,0,0,0,1,15,29,20,18.25684932,1
21.89041096,70,4,4,66,3,34,10,7,2,5,45,15,8,3,7,39,13,5,4,8,N,6,1402941AB,2,7,TL4,9,6,BRITISH,11,9,6,M,6,8,Y,3,3,0,0,1,22,30,26,21.64041096,1
20.41917808,69,9,4,60,3,40,16,6,1,6,46,14,7,2,9,43,15,7,3,7,N,7,0508952EM,2,7,TL3,8,4,IRISH,11,8,6,F,2,4,N,0,0,0,0,1,28,30,29,20.16917808,1
23.11232877,78,17,6,61,3,19,7,4,5,2,46,14,7,1,9,50,18,8,2,8,N,4,2511923SI,2,3,TL2,6,3,NORWEIGIAN,13,9,3,M,3,4,Y,2,1,1,0,1,13,30,34,22.86232877,1
18.34520548,75,15,5,60,3,30,10,4,5,6,48,16,8,1,8,44,12,6,2,10,N,9,3108971GA,2,5,TL2,3,5,BRITISH,12,8,7,F,1,1,Y,8,2,0,0,1,20,32,28,18.09520548,1
18.53424658,86,13,7,73,3,61,15,9,2,14,60,8,11,3,15,53,11,8,4,13,N,9,2306974SH,2,3,TL4,9,7,BRITISH,12,11,9,F,1,7,N,10,0,0,0,1,38,34,32,18.28424658,1
19.0630137,83,17,6,66,3,54,18,5,4,13,58,22,5,5,13,51,11,9,1,11,N,3,1212962JA,2,8,TL1,9,9,BRITISH,6,8,3,M,1,8,N,4,0,0,0,1,36,40,31,18.8130137,1
